buf,sl,rr,trades,win_rate,pf,pf_sd,exp_r,exp_r_sd,net,net_sd,worst_net,dd,pos_frac,ret_pct,risk
1.0,1.0,1.0,557.1666666666666,51.86505435083992,0.7622180131091273,0.071233260149997,-0.11450607426314509,0.044815612471823627,-2411.0136619293635,607.5471177425222,-3290.18690355209,55.667453500185495,0.0,-48.220273238587275,2.0
1.0,1.0,1.5,556.0,39.14773587689314,0.7094339695680483,0.04951059454414926,-0.1870554593765721,0.03959342624317647,-3323.820354289794,394.4185452109675,-3807.8283770359053,69.08241315894286,0.0,-66.47640708579587,2.0
1.0,1.0,2.0,560.3333333333334,33.76215956755453,0.7701503106238641,0.05633095537509906,-0.14301152933979636,0.04140768950160461,-2904.174033785448,454.8736718542292,-3579.3108111358442,64.12964860701966,0.0,-58.08348067570896,2.0
1.0,1.0,3.0,557.5,26.254531466982755,0.8209356585663623,0.10379154168826343,-0.12353383276447505,0.08446048411776541,-2593.335519792198,1415.4008765203323,-3492.6829959529377,62.326839090709576,0.16666666666666666,-51.86671039584396,2.0
1.0,2.0,1.0,558.8333333333334,46.05080331252151,0.6785494995313126,0.05497792270774429,-0.18617371927373938,0.036263996291339376,-3290.3560604378345,327.897330117497,-3693.303221940032,68.32721759226247,0.0,-65.8071212087567,3.0
1.0,2.0,1.5,559.0,38.10209586688027,0.7421846809763362,0.021743803231778134,-0.1506882188763499,0.015932371952651837,-2976.7578717839765,172.24788340015607,-3240.0524660311858,65.84697160754494,0.0,-59.53515743567953,3.0
1.0,2.0,2.0,556.3333333333334,31.694610344669698,0.7644989237336648,0.057666500038056186,-0.15648355060117866,0.04892134640159173,-3026.3038907210957,510.67977286353846,-3777.2459736640185,64.75769495500414,0.0,-60.52607781442191,3.0
1.0,2.0,3.0,555.5,25.079560914234992,0.8357577305006919,0.0825748477863127,-0.11008735943547861,0.06337517141141823,-2506.368564751346,743.9523539893728,-3770.8163999581166,57.59224712847654,0.0,-50.12737129502691,3.0
1.0,4.0,1.0,555.8333333333334,48.48974773301194,0.826675266056759,0.047467284303199755,-0.09733097865421343,0.03387103145115799,-2175.55949125991,531.1988710582497,-2781.7987430083517,53.78051937354277,0.0,-43.511189825198194,5.0
1.0,4.0,1.5,556.0,40.19718467849206,0.9052242673283404,0.05280372226336658,-0.06225259958897498,0.04014735594005301,-1622.3165580902344,747.1090901947185,-2497.756570272969,53.12998070976142,0.0,-32.44633116180469,5.0
1.0,4.0,2.0,557.6666666666666,33.1749775714094,0.8977420561513353,0.06502328286310538,-0.06804042137204565,0.05099209007724273,-1748.7590837765335,1034.8726492746605,-2733.314360374886,54.83633454200946,0.16666666666666666,-34.97518167553067,5.0
1.0,4.0,3.0,554.3333333333334,25.555535463712133,0.9287447419014697,0.06374540742850454,-0.03863868991934597,0.05238162950562291,-1333.102210357868,1016.5614959031808,-2583.0269612083575,52.09577039429296,0.0,-26.662044207157354,5.0
1.0,6.0,1.0,557.6666666666666,49.46302463197432,0.898985294090176,0.034071172297288344,-0.056075838613541346,0.023226600808695288,-1475.3305921941694,469.5055581925225,-2072.4636542231347,46.774896556249814,0.0,-29.506611843883388,7.0
1.0,6.0,1.5,555.0,40.692138356615224,0.9511611032200293,0.04279731910416621,-0.02586449475257292,0.032526636490585355,-884.111484248524,774.2789685334071,-1693.260006550207,46.00281348541926,0.16666666666666666,-17.682229684970483,7.0
1.0,6.0,2.0,556.6666666666666,33.9254112328236,0.9505031660558737,0.04519855774152925,-0.025814577487367707,0.03725199797581768,-960.9965014888334,826.0464739724174,-1887.3621670305802,46.23369213595323,0.16666666666666666,-19.219930029776663,7.0
1.0,6.0,3.0,553.5,26.95037077639481,1.0113914491432132,0.032405725457407705,0.032585445682664936,0.025224964073146658,277.47891013316365,786.7048864111003,-353.46374848441747,41.5519129146696,0.6666666666666666,5.549578202663273,7.0
1.0,10.0,1.0,556.8333333333334,50.58508678998567,0.9596735483581426,0.04559220339979389,-0.015893808191179568,0.026427267316255127,-577.7086584901324,670.9884930347156,-1284.9608073714767,34.80602741168491,0.3333333333333333,-11.554173169802647,11.0
1.0,10.0,1.5,553.3333333333334,39.93873551093077,0.941760778009414,0.030767577467313408,-0.028918611404196798,0.0230075416813798,-977.9962808551186,484.1049080099649,-1795.1023574845908,37.6904732080617,0.0,-19.559925617102365,11.0
1.0,10.0,2.0,551.3333333333334,35.09892820863182,1.0107126602321508,0.030339677518174755,0.02447687523163054,0.024813085248640898,285.7353839022706,700.2920564575766,-725.4869951534038,45.70942557551472,0.6666666666666666,5.714707678045411,11.0
1.0,10.0,3.0,546.0,27.931315305545343,1.0760372163842062,0.04544358726199551,0.08972731310518618,0.03831030663692008,2236.729371016238,1520.2069265602515,570.8722098614139,39.422010763835566,1.0,44.73458742032475,11.0
1.0,15.0,1.0,547.8333333333334,51.26199203307643,0.9974151353870352,0.024157146460628474,0.006140625244100134,0.012588390159520386,-32.31713282538388,337.78419106082964,-503.57169240657555,23.371563703011844,0.5,-0.6463426565076774,16.0
1.0,15.0,1.5,537.1666666666666,43.251960874346274,1.0704894623462597,0.02654403892400678,0.05745936180633551,0.016973796533487757,1409.7484149117201,565.0581779348914,429.6409295638705,32.94589016176061,1.0,28.194968298234404,16.0
1.0,15.0,2.0,527.1666666666666,37.36844159840782,1.1185435637453482,0.030502286205518182,0.09960163905899144,0.019376992391474782,2762.120393447423,803.0322946361642,1861.759794777862,31.750361057007463,1.0,55.242407868948455,16.0
1.0,15.0,3.0,508.0,26.57381883132965,1.0165361063120206,0.022925914309342,0.03857362241907871,0.019173017114241485,383.66469709578854,521.8238727606358,-120.00829145105627,38.730164695532615,0.6666666666666666,7.67329394191577,16.0
2.0,1.0,1.0,551.8333333333334,49.65132079954383,0.7857128339385667,0.0402227767580342,-0.11496927068820569,0.024909012674339676,-2445.1533441561255,345.71100809155007,-2968.4537108000313,56.46665297403742,0.0,-48.903066883122506,3.0
2.0,1.0,1.5,552.8333333333334,41.57224230284219,0.8825040872572861,0.039866753757180094,-0.06903402583434913,0.029223988920913505,-1772.2338659882653,528.1411661015003,-2419.6853924969173,47.28451000025208,0.0,-35.44467731976531,3.0
2.0,1.0,2.0,551.1666666666666,35.139774035773286,0.9078190266470577,0.05984540767970337,-0.053915256305113395,0.04668330573544534,-1505.335156643216,925.6097142596382,-2525.8112427592637,50.88487477945383,0.16666666666666666,-30.106703132864325,3.0
2.0,1.0,3.0,551.1666666666666,26.882367428725825,0.9247994859866683,0.0547544394362974,-0.033360397931018464,0.036214259801835055,-1296.4334486846872,713.2809608560437,-2308.5625368397764,48.94730854186389,0.0,-25.928668973693746,3.0
2.0,2.0,1.0,550.8333333333334,48.86552725500349,0.8249989591123463,0.032443381681248995,-0.09917942784986021,0.019067251386915344,-2214.1994856593724,289.70686324138126,-2608.4424872203613,53.59623714382648,0.0,-44.283989713187445,4.0
2.0,2.0,1.5,551.6666666666666,41.088152853614055,0.9056727551012999,0.04114628098604566,-0.053464972502427766,0.02819052844615488,-1478.3598413976515,569.395062750888,-2048.3463301338106,43.88395435281536,0.0,-29.567196827953026,4.0
2.0,2.0,2.0,551.8333333333334,33.585291682860074,0.8823583173232237,0.030678362139267553,-0.07122319768700233,0.024015157029636393,-1880.8792484635605,407.26371226132494,-2425.595375013554,48.00367230892285,0.0,-37.617584969271206,4.0
2.0,2.0,3.0,549.3333333333334,25.483592833409123,0.8929590999112721,0.03774675991172266,-0.06209688236358374,0.03376292631890508,-1817.81904333617,635.715096437258,-2454.477613471717,48.81392356037514,0.0,-36.3563808667234,4.0
2.0,4.0,1.0,551.0,50.906784341115475,0.9375524470899267,0.07175456106883632,-0.032890833484084496,0.04270556926664314,-902.5812791345191,1114.9129838529004,-1677.0626698613626,42.878449989958234,0.16666666666666666,-18.05162558269038,6.0
2.0,4.0,1.5,552.3333333333334,41.70159206937965,0.9723497531364161,0.048908773623072666,-0.010007804801461585,0.037565953988273657,-488.33820504145314,949.128685840476,-1582.822215210986,46.46500937677816,0.16666666666666666,-9.766764100829063,6.0
2.0,4.0,2.0,549.6666666666666,34.567208300205166,0.9631326755412934,0.014176849727656898,-0.014112801796219756,0.011542740254414114,-749.1058980551946,260.89695457361734,-1203.8407294969347,45.411958569986325,0.0,-14.98211796110389,6.0
2.0,4.0,3.0,551.5,26.17167775056947,0.9676338928750644,0.05197034833263955,-0.004303929321937752,0.043104587228112806,-600.3446993372776,1170.7517216058181,-1377.4812461760448,42.29253476304791,0.16666666666666666,-12.00689398674555,6.0
2.0,6.0,1.0,549.3333333333334,51.06392996847284,0.9634509835035051,0.05438794883316283,-0.016492745430631246,0.035878127622512114,-554.2300348249516,829.019008746398,-1869.75887786166,37.943914475264705,0.3333333333333333,-11.084600696499031,8.0
2.0,6.0,1.5,548.5,42.054125314338314,1.0030182925620603,0.05086410834203709,0.013675155464622113,0.03704913122926436,141.71528477561716,1001.7041341070181,-1363.2041236294626,36.437961537415944,0.5,2.8343056955123433,8.0
2.0,6.0,2.0,547.6666666666666,35.02880886603504,0.9956286917518367,0.023580665051625038,0.012379655931060829,0.01814082382809839,-64.01385283105958,493.0679309399753,-557.5825925338777,32.906055158719084,0.3333333333333333,-1.2802770566211914,8.0
2.0,6.0,3.0,547.3333333333334,29.049637642867243,1.1205410888377523,0.03606573378199646,0.12337744088019996,0.02900007914367422,3675.99254488662,1344.6435587242638,2171.4887270528143,32.865092015316996,1.0,73.5198508977324,8.0
2.0,10.0,1.0,548.3333333333334,50.42579759923373,0.9574224250539913,0.022864189505511803,-0.0164840480153254,0.013093392540097577,-608.8064101198667,316.37531037700245,-984.6771086812619,31.77096096898437,0.0,-12.17612820239733,12.0
2.0,10.0,1.5,546.1666666666666,40.0976457562542,0.950420488164681,0.028205118738464877,-0.023225184697932198,0.020016576566052005,-843.6494551409883,481.25514363563593,-1271.9789857102958,40.07790955967196,0.16666666666666666,-16.872989102819762,12.0
2.0,10.0,2.0,543.5,36.03278489126018,1.0537183869087703,0.02060043607353524,0.05637914403409336,0.015949400552788335,1251.1731961394892,539.4332331772426,711.0667819273299,35.20463091523208,1.0,25.02346392278979,12.0
2.0,10.0,3.0,537.5,27.37992892590897,1.0543345463355815,0.023476177137622314,0.06912151149196714,0.019312891175748102,1378.0184525009752,634.9107370931646,384.49762279402876,40.58595134980845,1.0,27.560369050019503,12.0
2.0,15.0,1.0,542.5,50.415160609148785,0.9617522150205229,0.016857799112253668,-0.012366584047961876,0.0091724122936614,-512.965425113497,224.91035947883802,-793.2588324827769,22.471377044731046,0.0,-10.259308502269938,17.0
2.0,15.0,1.5,528.6666666666666,44.229889907622244,1.1139893230010716,0.03966530284915112,0.08384923489621059,0.024434889653349213,2365.292714186411,953.8978468054974,1090.379226660577,28.913754454780882,1.0,47.30585428372822,17.0
2.0,15.0,2.0,517.8333333333334,37.98083842792783,1.151726486909626,0.048144999092662455,0.11937597995557792,0.032332839221907654,3570.8564905640355,1325.8770489467627,1339.772154314027,29.580868903527374,1.0,71.41712981128072,17.0
2.0,15.0,3.0,501.3333333333333,27.495535207450946,1.0580177347929496,0.032265015689816184,0.07468089847071785,0.02776724038152825,1457.9105017373329,819.3766801262551,27.46978441547799,35.98411515006908,1.0,29.158210034746656,17.0
3.15,1.0,1.0,539.3333333333334,51.17662903596983,0.8922746089660828,0.05786310406877218,-0.050196862732504254,0.032606357613694265,-1298.5011725099055,657.7022820340662,-2040.2147455284294,38.053000833478926,0.0,-25.97002345019811,4.15
3.15,1.0,1.5,539.8333333333334,40.1361645207593,0.8764100544945705,0.06371555991893783,-0.0717225771601111,0.04409091237729115,-1739.3050815437853,806.161103362657,-2445.172278161436,46.117052523713774,0.0,-34.7861016308757,4.15
3.15,1.0,2.0,539.3333333333334,35.0402923882408,0.9464891084639172,0.11757869966433311,-0.024749401270002084,0.08361908930047865,-604.5912235683032,2229.4605067475845,-2480.523228500795,44.43620845184921,0.16666666666666666,-12.09182447136606,4.15
3.15,1.0,3.0,540.0,24.815959107346618,0.859445046662351,0.05132045498207977,-0.08542214370384389,0.04663819668090827,-2140.825685119414,622.5022371935755,-3250.223066686774,51.618403174302614,0.0,-42.81651370238828,4.15
3.15,2.0,1.0,539.5,49.86429248558857,0.8700841546964663,0.051429188589108506,-0.06484839864997831,0.029159375642357776,-1591.0537187544178,556.8298068218922,-2236.9380617905454,41.98474788615721,0.0,-31.821074375088358,5.15
3.15,2.0,1.5,539.8333333333334,41.03408438607237,0.9395887180046589,0.08251850077017861,-0.03276364125995292,0.05978955584918836,-910.8630709522381,1214.485298611834,-2634.6825135423423,42.99518040603931,0.3333333333333333,-18.21726141904476,5.15
3.15,2.0,2.0,539.6666666666666,33.97553619402697,0.9144818964322026,0.06106430337543306,-0.041527400368165664,0.04240739376956522,-1245.5487536128064,972.337997030407,-2006.4223878319965,40.7284958882741,0.16666666666666666,-24.910975072256132,5.15
3.15,2.0,3.0,539.5,25.6407353196407,0.914226467540908,0.048924281947679546,-0.03591381606124958,0.03468435486194217,-1309.8538631270785,662.6938371640789,-2152.6986788753975,49.34524157800488,0.0,-26.197077262541573,5.15
3.15,4.0,1.0,540.0,52.224990503739185,0.9951681265635605,0.08665401617491628,0.0025119554570615173,0.046824870358323264,1.5859416664854205,1458.2367500384212,-944.7666875522441,36.829377502579156,0.3333333333333333,0.03171883332970893,7.15
3.15,4.0,1.5,538.8333333333334,42.466776402556654,1.0114612831639922,0.048973764807865285,0.01885077222202231,0.035075376932289466,268.1164542992813,969.5841027097715,-1129.6817408310699,34.14742839956391,0.6666666666666666,5.362329085985626,7.15
3.15,4.0,2.0,539.1666666666666,35.11651322773912,0.9934484701140556,0.026315949565032103,0.010272881697706173,0.01890527866408617,-121.80508762364416,494.2829265522346,-817.4242928350083,29.798908865021684,0.3333333333333333,-2.436101752472883,7.15
3.15,4.0,3.0,539.8333333333334,28.005853493010846,1.0653280893211015,0.057023064184153,0.07718183850441533,0.04689650836459259,1813.660949832575,1721.977343748541,-77.01261490344336,34.11844368359902,0.8333333333333334,36.2732189966515,7.15
3.15,6.0,1.0,539.1666666666666,53.90712222143292,1.072755433415715,0.05646459187769401,0.04517211609216224,0.029193202119707034,1173.4061057348097,914.9069035548807,-384.8613287697676,25.52478846170266,0.8333333333333334,23.46812211469619,9.15
3.15,6.0,1.5,537.8333333333334,42.515676875126935,1.027776882325642,0.05563193385112554,0.029057917543594613,0.03533689344493396,567.7975300211467,1018.0618080943433,-954.3874795467417,29.04847642072618,0.6666666666666666,11.355950600422934,9.15
3.15,6.0,2.0,536.3333333333334,36.573542964996385,1.0714339089967868,0.06377068709813614,0.0636330917532797,0.04082283061127312,1597.2194919164886,1484.6603300373365,141.4936292862959,26.481565199244915,1.0,31.944389838329766,9.15
3.15,6.0,3.0,535.5,28.97529513399367,1.1214072031421116,0.04463439711604796,0.12669314016305125,0.0384257806972002,3757.8908402754732,1640.1486139833132,1061.0728115621457,31.19483548200562,1.0,75.15781680550946,9.15
3.15,10.0,1.0,536.3333333333334,51.05787828120606,0.984455952908608,0.043907973785512755,-0.0016561225888062196,0.024584409741696053,-207.5393703451498,641.1275908235295,-1000.0998218436789,29.19404368450253,0.3333333333333333,-4.150787406902996,13.15
3.15,10.0,1.5,534.0,41.57294286043913,1.0056110048501907,0.023075110255389514,0.015526465741407945,0.015402244774222041,118.68678293334351,428.40822917744316,-405.13841258467505,34.3231695487938,0.5,2.3737356586668703,13.15
3.15,10.0,2.0,531.5,36.56300002428395,1.0764212205214265,0.02692456121266486,0.07409910333853645,0.018221844912592405,1835.7654174746015,706.2182595278035,1359.7635917202876,37.28731868105765,1.0,36.715308349492034,13.15
3.15,10.0,3.0,524.0,27.448864795754833,1.05952073680955,0.04736703127121756,0.07457942123886925,0.039480097271509966,1598.4975184267212,1278.9256348327335,-407.1813487325476,33.95406001036185,0.8333333333333334,31.969950368534423,13.15
3.15,15.0,1.0,528.3333333333334,52.42979416091615,1.037785078625048,0.02511562115277343,0.027605231218647722,0.013209800042886143,562.429105217062,386.53911686727434,-9.105130140241101,21.068300810363638,0.8333333333333334,11.24858210434124,18.15
3.15,15.0,1.5,517.8333333333334,45.70291347001728,1.1743767972263683,0.013771929696338548,0.12167293496842889,0.005966600822351511,3808.467212869895,283.60652884358825,3519.3162659780583,26.451535555300737,1.0,76.16934425739788,18.15
3.15,15.0,2.0,506.8333333333333,37.45586063361039,1.129611686900991,0.032528707085413305,0.10269340856502705,0.01958344001471272,2749.6874229830423,791.9544336431525,2137.992449848745,25.428228580989696,1.0,54.99374845966086,18.15
3.15,15.0,3.0,487.6666666666667,26.112447539202606,0.9933043966974981,0.025087093296526634,0.02060017406124594,0.020249745522732704,-117.79056795180178,496.1197356302449,-633.5626555862647,36.655392906549444,0.3333333333333333,-2.3558113590360357,18.15
5.0,1.0,1.0,528.3333333333334,52.2049114045768,0.9786064118158024,0.08737377379744302,-0.006620931346285463,0.047975538072699137,-247.4869687314107,1188.6620145879124,-1734.3503609240029,31.476752813201156,0.3333333333333333,-4.949739374628215,6.0
5.0,1.0,1.5,528.0,41.03894068464381,0.9447772243813403,0.06122232246718847,-0.02430172279049364,0.03824011979172013,-801.3496000577558,873.0109572330539,-1901.2386815474279,34.5711390924724,0.16666666666666666,-16.02699200115511,6.0
5.0,1.0,2.0,528.5,34.248041597017256,0.9397374714611925,0.06298526150388208,-0.026402718700253864,0.04341269183615957,-903.6951102562272,1014.8605477771589,-1797.6101730594885,34.57137412891045,0.16666666666666666,-18.073902205124543,6.0
5.0,1.0,3.0,527.6666666666666,25.681176674711185,0.9356396540041567,0.047361220058563094,-0.026659184041294904,0.038577122912603075,-1092.3941698301676,695.9874200935851,-2387.017592824635,39.93668577435333,0.0,-21.84788339660335,6.0
5.0,2.0,1.0,526.8333333333334,51.02730097271552,0.9435464922015383,0.06359909565452306,-0.022576049449008474,0.035165207093798466,-684.1799776066788,744.9539714882374,-1862.7577109522829,32.60798612194714,0.16666666666666666,-13.683599552133577,7.0
5.0,2.0,1.5,527.3333333333334,41.56250646156381,0.9731806090269052,0.029965966752157153,-0.005307762059748277,0.01958088401408527,-415.2531134957858,467.29680989044397,-1154.9283771693986,33.71696256294276,0.16666666666666666,-8.305062269915716,7.0
5.0,2.0,2.0,528.0,31.913821983891054,0.8536534962592719,0.058215568022060946,-0.08849245008968915,0.043868283080765166,-2050.35784506927,609.4825385165946,-3068.7990255994273,47.92262744597986,0.0,-41.0071569013854,7.0
5.0,2.0,3.0,527.6666666666666,28.206676237227967,1.0818169334259822,0.06367360463340072,0.08355212172511284,0.04353482994496863,1991.0202408291323,1621.3287485144497,124.28472040733863,39.69824207019058,1.0,39.820404816582645,7.0
5.0,4.0,1.0,529.1666666666666,51.432233877625016,0.9779900141324286,0.023354606305814884,-0.004856610389576955,0.013465918054639463,-312.53255445206656,330.88417333279284,-723.4665681609474,29.546054948615573,0.3333333333333333,-6.250651089041331,9.0
5.0,4.0,1.5,528.5,39.76792600686824,0.9187341402903074,0.042089608934184425,-0.03931689905557199,0.027560274077850173,-1147.1703132765044,545.2504168062923,-1939.5951288551973,36.55277828025419,0.0,-22.94340626553009,9.0
5.0,4.0,2.0,528.6666666666666,34.86877308760116,0.9971165676148152,0.04965948790337608,0.012703528488326834,0.03475518976791864,-6.258983705525263,878.6034767534721,-1286.0316721541428,33.89549377801827,0.5,-0.12517967411050504,9.0
5.0,4.0,3.0,526.3333333333334,27.0722649212366,1.0331416951676624,0.059913882588053885,0.048426759075204905,0.047602763274839956,809.0117398148233,1228.3763640066063,-1464.5590741076546,32.23932575699401,0.8333333333333334,16.180234796296467,9.0
5.0,6.0,1.0,528.1666666666666,51.37267930482178,0.9877444904109947,0.0485618115917457,-1.9002889815937393e-05,0.027216065368467577,-156.7088776693051,695.7014917709864,-1092.1475716564403,28.961661532491174,0.3333333333333333,-3.134177553386101,11.0
5.0,6.0,1.5,523.5,41.261704028119446,0.9869293262183109,0.05059130516963857,0.003329814213026611,0.030728238296264518,-159.71988505567282,768.0154170352067,-975.466880853745,26.280183437959735,0.5,-3.1943977011134557,11.0
5.0,6.0,2.0,525.6666666666666,37.00207510187641,1.1003019178193945,0.026563474941744637,0.08295634711922077,0.016050441915647896,2138.039925262137,597.3561015831657,1527.1383657070319,25.15789736096104,1.0,42.76079850524275,11.0
5.0,6.0,3.0,525.6666666666666,26.69851269205184,1.0241308116036545,0.06082096190990049,0.040273850562468086,0.048747030038988275,563.7547467910557,1298.3815927086987,-1510.892779996273,37.167435137034296,0.8333333333333334,11.275094935821114,11.0
5.0,10.0,1.0,525.6666666666666,49.68229585368521,0.9386308739260864,0.024908731831369286,-0.02679209684153926,0.015021294318730631,-821.9328121419709,332.0571333695177,-1245.1163890125088,30.63943275744664,0.0,-16.438656242839418,15.0
5.0,10.0,1.5,522.1666666666666,42.42008618344142,1.044179825107651,0.02499714452740526,0.04032611590306601,0.01612184210922051,815.4228469615283,482.24616704113816,165.2967506196079,28.054444937200984,1.0,16.308456939230567,15.0
5.0,10.0,2.0,517.6666666666666,35.70524292592117,1.0509602080696772,0.03626161857895577,0.05127836407343109,0.02406518715506298,1012.7832201179295,740.3173133959426,281.0559758603406,32.252625627871254,1.0,20.255664402358587,15.0
5.0,10.0,3.0,511.0,28.146777092281056,1.096071930057957,0.025842688829551687,0.10470993543920665,0.018499089732428482,2495.3600981863183,687.2197839811894,1380.2575538211113,31.33088745727717,1.0,49.90720196372637,15.0
5.0,15.0,1.0,511.6666666666667,52.77116420558155,1.0583662615249003,0.04212811989329366,0.03633886101077142,0.020452101986155796,812.6073998777432,595.5243129707401,12.613560019193528,19.537558943642935,1.0,16.252147997554864,20.0
5.0,15.0,1.5,500.1666666666667,44.15150498434514,1.121953348337701,0.016160412796079836,0.0855356673246707,0.00947182436617597,2200.1093757442854,337.7473410978372,1721.5826520664111,23.947444692311965,1.0,44.00218751488571,20.0
5.0,15.0,2.0,499.0,36.540306128752015,1.087460803439673,0.031132845483031225,0.07726903297065577,0.02013728393885831,1774.1707197362946,667.8045771820296,789.2261547180708,26.937297844730825,1.0,35.48341439472589,20.0
5.0,15.0,3.0,471.5,25.51988163742129,0.9726073242920058,0.028190993730835858,0.004223978569439449,0.021353614243693083,-439.40437824576867,442.2892085371727,-1014.7007580049417,31.430399818500145,0.16666666666666666,-8.788087564915374,20.0
8.0,1.0,1.0,503.0,49.47156014331929,0.8993547455670265,0.04567491119175511,-0.04474342676324385,0.025150047919662494,-1135.6493652592965,491.74984242939985,-1704.841696203329,29.38132676928708,0.0,-22.71298730518593,9.0
8.0,1.0,1.5,503.5,39.02907294866399,0.8891510109218261,0.040957887112624394,-0.05914581742332812,0.029014783360916004,-1464.0831964796807,525.6960854057963,-2044.6133181007742,38.31736569699708,0.0,-29.281663929593616,9.0
8.0,1.0,2.0,504.6666666666667,35.57090651118826,1.0267877236123015,0.06801602198003182,0.032918086398383485,0.04832576209190886,577.144563956755,1283.503409350072,-1229.7094739347785,26.33664757845979,0.6666666666666666,11.542891279135098,9.0
8.0,1.0,3.0,503.1666666666667,26.666168589034584,1.011158908447769,0.04381138373216783,0.03338362095363967,0.037830271091598824,292.5831440571795,860.0151823417727,-1405.691593495193,37.09523844720163,0.8333333333333334,5.851662881143589,9.0
8.0,2.0,1.0,504.1666666666667,48.662226890822836,0.8790815286457471,0.04064425743326931,-0.05700148604040212,0.021657639472232204,-1374.548853652027,396.13875856455877,-1913.3918972570475,32.42107665109237,0.0,-27.49097707304054,10.0
8.0,2.0,1.5,502.1666666666667,40.79200465093427,0.967021376425567,0.06513406986240829,-0.010199883726643577,0.04128785931006196,-439.29233639998006,903.8069861740155,-1842.9680754945484,28.610487243298525,0.16666666666666666,-8.7858467279996,10.0
8.0,2.0,2.0,503.5,36.542178454320805,1.0725247368316582,0.0731021076042937,0.06331708922883542,0.04865740635753975,1514.4407576298424,1562.75792039259,-535.4251822688685,25.42171305432709,0.8333333333333334,30.288815152596854,10.0
8.0,2.0,3.0,503.6666666666667,27.92898791603044,1.080590462758741,0.06353672141864841,0.08715951664121763,0.05010296878078749,2003.7351006442786,1489.822953226242,-737.4302007944186,29.455585085422438,0.8333333333333334,40.074702012885574,10.0
8.0,4.0,1.0,503.8333333333333,49.29076063650182,0.9110969755110893,0.05027265740216731,-0.03941788266615674,0.027441664560317325,-1025.4123760662785,580.5134635320372,-1632.1855429352222,29.67507103308292,0.16666666666666666,-20.50824752132557,12.0
8.0,4.0,1.5,503.3333333333333,43.213546789516776,1.0780074627826655,0.032290196839980564,0.055499714045154656,0.01770577338214215,1252.586661465802,542.3520848952703,411.3615347792838,18.81308988091352,1.0,25.051733229316042,12.0
8.0,4.0,2.0,504.1666666666667,35.50648749669919,1.0359875623946282,0.04064259354168477,0.04037016725508865,0.027847194703586632,698.6806461013326,791.9085525303377,-179.43101042657236,25.304980283282095,0.8333333333333334,13.973612922026652,12.0
8.0,4.0,3.0,503.6666666666667,27.764658284650668,1.0725407436572714,0.05155186817520269,0.08436626746183158,0.04175122698434089,1858.3991995025883,1322.61014487595,-260.4417323727798,35.34567802549933,0.8333333333333334,37.16798399005177,12.0
8.0,6.0,1.0,504.5,50.01715804284626,0.9433032220059703,0.03394736174503483,-0.02137049669080239,0.018329999850443722,-664.0692272307031,404.23901423841966,-1245.246216710567,24.410891308277986,0.16666666666666666,-13.281384544614063,14.0
8.0,6.0,1.5,503.1666666666667,43.162350304872234,1.0824616400675924,0.04118693164023687,0.058206834608956565,0.02229816388241378,1348.812347348053,709.3027052787494,389.1499977119285,19.388810724870872,1.0,26.976246946961055,14.0
8.0,6.0,2.0,504.1666666666667,34.74355251744794,1.0082447361384106,0.035881183871286575,0.021128035774174676,0.024203150003196373,154.9661592405982,619.3896112231774,-757.5988422016441,33.68139633417172,0.5,3.099323184811963,14.0
8.0,6.0,3.0,500.0,26.635119801865248,1.0189530105737703,0.0325376591267876,0.040313116153426344,0.026522644834962323,425.0062733695577,709.3257023869551,-389.66331606934045,40.32395663137336,0.6666666666666666,8.500125467391152,14.0
8.0,10.0,1.0,499.5,52.38607925128406,1.0476859873339728,0.027164445517058725,0.031078199597027584,0.012844897485434749,631.0453653847075,364.4613566129722,141.99621259431547,16.752962427506834,1.0,12.620907307694148,18.0
8.0,10.0,1.5,496.0,43.24846422392638,1.0879821984232512,0.029240296218515177,0.06513970987545703,0.01767542128855479,1518.1840861235996,567.9105329262857,773.2992264056804,22.968557826260934,1.0,30.363681722471995,18.0
8.0,10.0,2.0,497.0,35.51410932042837,1.0458725484332734,0.042684865663479496,0.047883149365480715,0.028754441228186454,894.3448433085176,881.3366828221817,56.1259508165806,28.363968041353882,1.0,17.88689686617035,18.0
8.0,10.0,3.0,483.3333333333333,26.483311260849785,1.0234369287882237,0.033735641813721934,0.04242631705101294,0.02472665583562441,455.1729390984142,618.8789319019361,-395.5183989281204,34.75789615678491,0.6666666666666666,9.103458781968286,18.0
8.0,15.0,1.0,489.1666666666667,54.137889539725926,1.1239154841505172,0.03327607015959671,0.06609459884561848,0.014091840071682401,1657.2096460647863,458.88691627845776,926.6723159811863,23.421713929896608,1.0,33.14419292129573,23.0
8.0,15.0,1.5,482.3333333333333,42.81399322407228,1.0662692217107965,0.04228038417043245,0.05407479232701401,0.025082050344834305,1153.6087593445297,765.235546657706,246.0687483984184,27.238905093437484,1.0,23.072175186890593,23.0
8.0,15.0,2.0,472.3333333333333,36.51963683922759,1.0822700367684317,0.025109326571682567,0.07751221241283529,0.014441390793011797,1633.2236538918853,474.0148598578549,1215.4890145652384,31.714552565512033,1.0,32.664473077837705,23.0
8.0,15.0,3.0,420.3333333333333,26.80488537507431,1.046059463179901,0.037805641199875575,0.05816748025203777,0.026062285834183734,742.4224072727302,653.487403495511,252.1417179946326,22.98469219738625,1.0,14.848448145454604,23.0
12.0,1.0,1.0,464.8333333333333,53.27991452991454,1.064262562986185,0.041579071641761486,0.0402158856469201,0.02056455072355766,821.3372173368098,518.9246384187744,-193.82300867161632,21.070221429811884,0.8333333333333334,16.426744346736193,13.0
12.0,1.0,1.5,465.5,43.109922623397324,1.0667487140312926,0.06656263729986384,0.054408637526593695,0.04128895092457933,1165.8600293696438,1197.60345452198,-405.5326474570054,38.30163793805176,0.8333333333333334,23.317200587392875,13.0
12.0,1.0,2.0,466.0,37.162155422340945,1.0995889276653765,0.03815875664364662,0.09039526647502576,0.02923120272783359,2077.933919190395,941.2944427370699,988.6204648602863,38.8534517620463,1.0,41.558678383807894,13.0
12.0,1.0,3.0,466.6666666666667,28.14095694599021,1.0808448167990663,0.05042957017233775,0.09959491514803569,0.042809829743845965,2101.898928795365,1474.3963330049583,720.864611857166,45.22981718638397,1.0,42.03797857590731,13.0
12.0,2.0,1.0,466.3333333333333,54.07958105520018,1.108743628715893,0.05417734890303056,0.05959119123475861,0.02384584204825747,1386.4079772269304,713.645685275015,601.138526189455,19.080665620227197,1.0,27.728159544538602,14.0
12.0,2.0,1.5,467.3333333333333,43.22335920815911,1.0719063105601834,0.03069208175932365,0.05841607833477627,0.01880647480509575,1208.2843598922275,541.8959686426311,357.3686273576468,33.90730787198643,1.0,24.16568719784455,14.0
12.0,2.0,2.0,468.6666666666667,36.416547347285274,1.0751361366059629,0.05097760353940375,0.07005530692819399,0.036043913733388645,1481.3096726103795,1126.9166880189575,628.6812908050158,37.67541549519465,1.0,29.6261934522076,14.0
12.0,2.0,3.0,466.1666666666667,27.600574492570704,1.0604136194573004,0.03944666343900758,0.07975984248429031,0.03501318191566183,1455.8129337663806,1023.7923100435414,347.4981614665935,46.94145791426242,1.0,29.116258675327614,14.0
12.0,4.0,1.0,467.6666666666667,54.282076606937665,1.128500552238304,0.051250618026928575,0.0673789248110241,0.022664140418849905,1624.8275963009426,666.1894428193503,446.3142099770298,18.99163346789455,1.0,32.496551926018846,16.0
12.0,4.0,1.5,466.5,43.268133816048724,1.0806874227408474,0.027217169599290165,0.06308010473780097,0.015750856688832197,1335.458822425785,464.37926110836145,758.3967903811476,33.46056099515139,1.0,26.709176448515702,16.0
12.0,4.0,2.0,466.1666666666667,34.89707531303538,1.0130163398185281,0.03242430125620906,0.026816668911149696,0.02408988847235234,256.1942440407153,566.5568141841994,-530.0643230789954,41.005783363799374,0.6666666666666666,5.123884880814305,16.0
12.0,4.0,3.0,465.5,26.710528960177395,1.026406371925652,0.05283368022578648,0.04851192376042237,0.042418061878600546,599.2044112506563,1021.1163110866232,-852.209443656966,40.66992235310229,0.6666666666666666,11.984088225013124,16.0
12.0,6.0,1.0,465.5,52.73862357211647,1.062363071198089,0.03993080051511941,0.038471251595125704,0.019999006886548522,792.0765809876866,521.8905634025817,-103.40846796923847,27.041074652031153,0.8333333333333334,15.841531619753733,18.0
12.0,6.0,1.5,464.8333333333333,41.26931158076875,1.003900017971877,0.019659826442472397,0.014825405071135287,0.012367262234571125,64.09376122538545,286.4655049858987,-404.47730338316205,38.79812418682375,0.6666666666666666,1.2818752245077094,18.0
12.0,6.0,2.0,465.3333333333333,33.812000948859016,0.9700715938056157,0.03566647340625189,-0.0047626209920275464,0.02575217596234504,-451.4301922870363,565.1429327406836,-1035.0756622289948,41.07171742842731,0.16666666666666666,-9.028603845740726,18.0
12.0,6.0,3.0,456.3333333333333,26.29810195570623,1.008615161889394,0.04208097429813501,0.03285395573003905,0.032133469959104474,188.9418073194715,797.7112795741721,-611.2156246374274,37.92026471996024,0.5,3.778836146389431,18.0
12.0,10.0,1.0,462.3333333333333,53.10102871483256,1.079550332803588,0.02652731992848671,0.048384210660287565,0.013210977964811275,1032.4386338363859,367.25296720045856,628.9544965434251,23.60779918031061,1.0,20.648772676727717,22.0
12.0,10.0,1.5,462.3333333333333,42.5029339327312,1.0597655616481527,0.02512780048800769,0.04851176282017628,0.014835455152660985,915.3543495446041,401.6753632414403,408.9942818462971,27.533271084698764,1.0,18.307086990892078,22.0
12.0,10.0,2.0,459.0,35.87418674348919,1.0611014277870072,0.04775455918986599,0.0606985778499314,0.03400515138046214,1152.521162713056,916.5097028358662,-144.51393154855623,33.5199034214726,0.8333333333333334,23.050423254261123,22.0
12.0,10.0,3.0,416.3333333333333,26.941742905273596,1.0504933977061988,0.02992541398989636,0.06483798645070875,0.023692385327737167,874.3315258710572,568.8302879781024,327.1788075114895,29.526433391825538,1.0,17.486630517421148,22.0
12.0,15.0,1.0,453.5,53.80415018767628,1.1118611342183329,0.009164013210080467,0.0618089646399847,0.004225880784598572,1373.6535984661396,117.78529809235206,1222.5274256231637,23.077267874905445,1.0,27.473071969322792,27.0
12.0,15.0,1.5,444.6666666666667,43.104357468093234,1.0730186686544056,0.026525924534436442,0.062227915328713045,0.01722442256932375,1226.6679255768174,472.8312376172787,645.4455346924897,31.634958683490595,1.0,24.53335851153635,27.0
12.0,15.0,2.0,435.1666666666667,34.353656815985495,0.9992169120062417,0.015876316774244413,0.01751341369427808,0.011663854449247467,-6.568148823674922,250.91432078374152,-274.44798038831937,33.88822611769581,0.3333333333333333,-0.13136297647349857,27.0
12.0,15.0,3.0,379.5,27.885326931032846,1.109417962048646,0.021232956894296457,0.10623380822564188,0.012798098461274098,1744.492953287034,357.2226727972094,1394.1053281341215,19.124448626092846,1.0,34.88985906574069,27.0
