hour,min,trades,win_rate,pf,exp_r,exp_r_sd,net,worst_net,dd,pos_frac,ret_pct,t
0,0,161.0,30.334130830615425,1.2103468993231619,0.18404029522577692,0.05160203477613898,1560.2101175295538,839.6967047297696,18.977056127695096,1.0,31.204202350591075,1.6561769904535406
0,30,158.33333333333334,30.001592229918,1.193586344135076,0.16749028142663813,0.0608210889508343,1370.3102724156515,704.2152294315092,16.350453295882165,1.0,27.406205448313028,1.4947090949030988
1,0,150.83333333333334,30.391599860578598,1.2123991657947033,0.18423779120676967,0.047052667915242555,1446.6625270536888,924.1623754424656,12.969331660641467,1.0,28.93325054107378,1.6047532727640301
1,30,161.0,31.68427426026868,1.295769287357521,0.2342823327849284,0.05704994124635262,2110.2828023313014,1378.308326685421,12.748650610732982,1.0,42.205656046626025,2.108304642481534
2,0,161.66666666666666,32.26577038219401,1.3434197073161833,0.26020141570183947,0.08241968154875844,2457.350162520232,1258.8021942953487,10.860967923025136,1.0,49.14700325040463,2.3463931625224608
2,30,64.66666666666667,28.8661858974359,1.1525298289828474,0.12287726362179474,0.030736143337824387,357.6133822039678,198.09752864403,12.301523880138069,1.0,7.152267644079356,0.7007976815008858
3,0,62.666666666666664,28.46702188940092,1.1282031711228493,0.10384255272337421,0.058351454342650155,283.71543680640485,27.009248527955435,13.030919381900533,1.0,5.674308736128097,0.5830080350962725
3,30,98.5,31.636567300042998,1.3026195950510784,0.23439400513303302,0.04558891597075261,1198.3140094370685,888.9482088506452,11.322542594705318,1.0,23.96628018874137,1.6498539563986507
4,0,103.0,32.039660399883125,1.3330236417573644,0.2514901376781729,0.0406678463620903,1367.13713635995,1179.6336677396646,12.976139257451715,1.0,27.342742727199,1.81017456523822
4,30,166.0,30.621184900255326,1.251439385001235,0.19458012633270036,0.053358068016890324,1737.7324443722262,1183.2416538322532,15.027204628453966,1.0,34.75464888744452,1.7780067786731624
5,0,170.16666666666666,29.1848113341326,1.1528066533591028,0.13726079656057022,0.06369275864684976,1171.7508692726392,168.86025274722442,14.505763145850189,1.0,23.43501738545278,1.2698857450005072
5,30,164.16666666666666,32.28440685080252,1.300503967727165,0.2608500114058379,0.039163068333875554,2467.022601595722,1904.3022318344354,13.0739806110092,1.0,49.34045203191443,2.370359605212046
6,0,167.16666666666666,33.79724851799384,1.4061599156632605,0.3217559045751755,0.04694264093443582,3328.024635963424,2606.1020777351696,12.920312592218279,1.0,66.56049271926848,2.9504092033753846
6,30,159.66666666666666,33.090644040458464,1.3635128214983705,0.29270076948182816,0.042449285499668456,2768.5372209972415,2048.7588615548425,11.888761919504345,1.0,55.370744419944835,2.6230820820846334
7,0,168.33333333333334,31.98035607094008,1.2916417591090839,0.24921424283760332,0.029748055527156737,2393.2858190994234,1891.9357112891632,12.757868095356164,1.0,47.86571638198847,2.293183499117178
7,30,176.33333333333334,32.04776217763367,1.2872508813678636,0.2503373102200657,0.05317263164357389,2560.631282953607,1627.4837042456018,16.3069448802261,1.0,51.21262565907215,2.35761929730959
8,0,177.5,32.11309334497229,1.3264911706534188,0.25368803304131593,0.03713841680737418,2616.858442034667,1998.393334639981,18.01497842541296,1.0,52.33716884069333,2.3970663053003847
8,30,182.16666666666666,31.015147245787585,1.257699379265958,0.21020288436702247,0.057977459716038175,2140.7168983175193,1332.7333728519038,21.1501224868203,1.0,42.81433796635039,2.012120631518289
9,0,186.16666666666666,31.245295252230033,1.2638284162075806,0.21501404188516993,0.04023024159978457,2240.4689276882846,1480.0332249132753,20.561013113430572,1.0,44.80937855376569,2.0806482808467672
9,30,191.0,30.63413742690059,1.2381414649719007,0.19262867141812856,0.0562119160531347,2021.7584415670005,1027.0143358098476,17.6870892210893,1.0,40.43516883134001,1.8880717761610504
10,0,191.0,30.643109990037516,1.2485838117471577,0.19533827394705036,0.07685104004130382,2081.3965250457222,868.9315218484181,20.753222037257164,1.0,41.627930500914445,1.914630252746122
10,30,186.66666666666666,30.9833974854767,1.2690490558433474,0.20930767361261626,0.023157151748812548,2162.653162954902,1700.3239989810763,17.60252481941565,1.0,43.25306325909805,2.0281469753626666
11,0,182.66666666666666,28.7423939191511,1.1363702243984581,0.119667068241454,0.07965057636767299,1090.7194117019412,-209.7009169176353,21.63154073148775,0.8333333333333334,21.814388234038827,1.147057504236977
11,30,177.66666666666666,30.95612638375536,1.2557965144399466,0.20509572972401033,0.04468469604709323,2001.8797690324864,1214.0811481419778,16.728504064218253,1.0,40.03759538064973,1.938833354996699
12,0,178.33333333333334,28.79130982632461,1.1296834609214814,0.11519945311192016,0.05193200850900266,982.7185724556265,-7.151957995190401,16.444673532377482,0.8333333333333334,19.65437144911253,1.0910573224810634
12,30,180.0,27.954098831126846,1.07754969207813,0.07682306317104833,0.04632841395753386,597.1639366858882,-17.07084680745112,16.02321325964447,0.8333333333333334,11.943278733717767,0.7309854957030836
13,0,186.83333333333334,29.526450763009905,1.1736056846697775,0.14910166708618627,0.04831022378212671,1426.165793259448,493.33604724613724,13.419315310763375,1.0,28.52331586518896,1.4454083781193807
13,30,182.5,30.410920006518236,1.221676438880178,0.18588663531070235,0.050803962333195,1830.51608613938,1019.0154534562637,14.304224111278893,1.0,36.610321722787596,1.7809859286503031
14,0,180.83333333333334,33.088003552091955,1.3703089702845948,0.28962883538629386,0.049601242257108415,3200.7864304059162,2132.0212868269978,10.160717383942254,1.0,64.01572860811832,2.7622433022390407
14,30,179.83333333333334,29.658014843865242,1.1818908703104443,0.15543017018186547,0.04659946920945966,1436.004505803886,997.1032242741685,15.226373820940225,1.0,28.72009011607773,1.478261638793315
15,0,179.0,32.11302465650291,1.291006922523426,0.24085021536434578,0.04640283866597087,2486.8721223370458,1680.6980630051044,10.48188731418987,1.0,49.737442446740914,2.2853590530334085
15,30,182.83333333333334,31.18634699808682,1.2867669170196219,0.21742008362717635,0.05643437126568037,2234.9677545019517,1442.0918090937998,10.18517196775434,1.0,44.699355090039035,2.0850104423538105
16,0,182.16666666666666,30.92449207025116,1.2659944714635023,0.19956331030999142,0.06216532260554727,2009.1801669549122,1249.0605658115887,12.299433143895158,1.0,40.18360333909825,1.9102756614305354
16,30,183.33333333333334,30.289034882162095,1.2216385050654293,0.17232942593319245,0.040737910925559916,1654.913606458177,890.0122110949033,14.093068738037589,1.0,33.098272129163526,1.6548591897519194
17,0,187.66666666666666,27.703141385705113,1.0778885204572328,0.07114417583209322,0.056295732819425306,572.4088660151351,-356.20178458485407,16.832334407646155,0.8333333333333334,11.4481773203027,0.6912160439376044
17,30,185.66666666666666,28.391887077173063,1.1141190831753967,0.0970947135326287,0.07271237575487192,841.9538900250797,99.83119689365634,13.314801935128088,1.0,16.839077800501588,0.9383037290203047
18,0,183.33333333333334,28.36430375564458,1.1134277525440361,0.09873369584961937,0.018999640203968788,820.7459362643755,543.2790883648113,13.49115709842859,1.0,16.41491872528751,0.9481280578179124
18,30,178.16666666666666,28.349102394698022,1.1121696243994348,0.09859814136072338,0.06302678054101193,819.7583163994678,171.41491863261547,13.454721720502713,1.0,16.395166327989354,0.933389353818577
19,0,176.0,28.118988500017633,1.1046972199913092,0.09426566052801207,0.03226167048313591,748.3045114880764,159.60213884014325,15.171595783199598,1.0,14.966090229761528,0.886932841379947
19,30,164.66666666666666,25.615821234463947,0.9664684178156834,-0.013001136468916987,0.04557694463416874,-217.5402713902688,-777.8364561078558,18.230635679549504,0.3333333333333333,-4.350805427805376,-0.11832187725561191
20,0,153.5,25.08456863936462,0.9396236456912375,-0.03585904608849814,0.029133620259673067,-372.3915883221492,-666.252138228499,20.04845867771157,0.0,-7.447831766442985,-0.3150894119335614
20,30,153.83333333333334,28.277808276991454,1.112250823862588,0.0999296504433012,0.03813125426834835,696.2503891968157,305.4640909265564,14.721659725163725,1.0,13.925007783936314,0.8790234901948842
21,0,158.5,28.390435352968755,1.1123527861161038,0.10178850898593135,0.050613813354629736,742.305003061561,138.9207172797319,13.983265827341574,1.0,14.846100061231219,0.9088543148882551
21,30,156.0,28.850808073160625,1.1392711445531833,0.12294121766756494,0.06705546492430338,929.8626013131139,143.2080231492854,15.474523703222614,1.0,18.59725202626228,1.0890321393682338
22,0,155.66666666666666,25.379804148721018,0.9669642973297505,-0.014897703332205046,0.07872273060844402,-198.9817805796407,-773.5381390551573,23.108392152802008,0.16666666666666666,-3.979635611592814,-0.1318250734247539
22,30,163.0,26.997043970666926,1.0429104717490174,0.048971619716878745,0.038182487322422964,286.8869194983046,-166.56912630157228,16.67149870614485,0.8333333333333334,5.7377383899660925,0.4434239618483189
23,0,157.0,30.683283053791403,1.2290869264006632,0.19594311920103283,0.06422629813639306,1647.984540605772,732.6983206878792,13.260671739587295,1.0,32.95969081211545,1.7412484017840548
23,30,156.83333333333334,31.24082880471703,1.2595542711012742,0.2202226788646033,0.026181648740096344,1879.678979289789,1420.0947398204748,15.924679010114453,1.0,37.59357958579578,1.955969665214264
